<xml>
 
<item>
<title>Episode 4 - With guest Droptek - 08/05/19</title>
<link>https://thresholdfm.podbean.com/mf/play/8yqyky/GoldTop-Episode_4_-Ft_Droptek.mp3</link>
<thumbnail>https://ucarecdn.com/f1104d38-ef28-4c18-b895-a0adb7f2c29c/-/format/auto/-/preview/3000x3000/-/quality/lighter/</thumbnail>
</item>

<item>
<title>Episode 3 - With guest Shyun - 15/03/19</title>
<link>https://thresholdfm.podbean.com/mf/play/tvaswz/GoldTop_with_Shyun.mp3</link>
<thumbnail>https://ucarecdn.com/f1104d38-ef28-4c18-b895-a0adb7f2c29c/-/format/auto/-/preview/3000x3000/-/quality/lighter/</thumbnail>
</item>

<item>
<title>Episode 2 - 15/02/19</title>
<link>https://thresholdfm.podbean.com/mf/play/c9h68h/Gold_Top_Episode_002.mp3</link>
<thumbnail>https://ucarecdn.com/f1104d38-ef28-4c18-b895-a0adb7f2c29c/-/format/auto/-/preview/3000x3000/-/quality/lighter/</thumbnail>
</item>

<item>
<title>Episode 1 - 15/01/19</title>
<link>https://thresholdfm.podbean.com/mf/play/c9xpkt/Gold_Top_Radio_with_Cruk_And_Bide_001.mp3</link>
<thumbnail>https://ucarecdn.com/f1104d38-ef28-4c18-b895-a0adb7f2c29c/-/format/auto/-/preview/3000x3000/-/quality/lighter/</thumbnail>
</item>

 
<plugin>
<title>Gold Top Soundcloud</title>
<link>plugin://plugin.audio.soundcloud/?action=call&amp;call=https%3a%2f%2fapi-v2.soundcloud.com%2fusers%2f557962152%2fspotlight&quot;,return</link>
<thumbnail>https://i1.sndcdn.com/avatars-000552895077-p40s3i-large.jpg</thumbnail>
</plugin>

</xml>










