<xml>
 
<item>
<title>Episode 43</title>
<link>https://thresholdfm.podbean.com/mf/play/picu6f/Cyantific_FM_043_Threshold.mp3</link>
<thumbnail>https://ucarecdn.com/01304bea-faf6-4f73-8c4e-928928a186f5/-/format/auto/-/preview/3000x3000/-/quality/lighter/</thumbnail>
</item>

<item>
<title>Episode 42</title>
<link>https://thresholdfm.podbean.com/mf/play/mfk6nq/Cyantific_FM_40.mp3</link>
<thumbnail>https://ucarecdn.com/01304bea-faf6-4f73-8c4e-928928a186f5/-/format/auto/-/preview/3000x3000/-/quality/lighter/</thumbnail>
</item>
</xml>