<xml>
 
<item>
<title>Episode 013</title>
<link>https://thresholdfm.podbean.com/mf/play/3hp5ri/Mezzanine_Show_013_-_From_Rhythms_To_Riddims.mp3</link>
<thumbnail>https://ucarecdn.com/0ed83d88-736d-4412-89b9-46ab259870ef/-/format/auto/-/preview/3000x3000/-/quality/lighter/</thumbnail>
</item>

<item>
<title>Episode 012</title>
<link>https://thresholdfm.podbean.com/mf/play/ujdkn9/Mezzanine_Show_012_-_Dance_Slipping_An_E_Into_Indie_Musics_Pint1.mp3</link>
<thumbnail>https://ucarecdn.com/0ed83d88-736d-4412-89b9-46ab259870ef/-/format/auto/-/preview/3000x3000/-/quality/lighter/</thumbnail>
</item>

<item>
<title>Episode 011</title>
<link>https://thresholdfm.podbean.com/mf/play/b7ubw8/Mezzanine_Show_011_-_Add_Wine_To_Anything_And_At_Least_You_ve_Added_Wine.mp3</link>
<thumbnail>https://ucarecdn.com/0ed83d88-736d-4412-89b9-46ab259870ef/-/format/auto/-/preview/3000x3000/-/quality/lighter/</thumbnail>
</item>

<item>
<title>Episode 010</title>
<link>https://thresholdfm.podbean.com/mf/play/mcsbdn/Mezzanine_Show_010_-_Greener_Than_Green_Bluer_Than_Blue.mp3</link>
<thumbnail>https://ucarecdn.com/0ed83d88-736d-4412-89b9-46ab259870ef/-/format/auto/-/preview/3000x3000/-/quality/lighter/</thumbnail>
</item>

<item>
<title>Episode 002</title>
<link>https://thresholdfm.podbean.com/mf/play/kc8kiu/Mezzanine_Show_002_-_Where_Dreams_Come_To_Mutate.mp3</link>
<thumbnail>https://ucarecdn.com/0ed83d88-736d-4412-89b9-46ab259870ef/-/format/auto/-/preview/3000x3000/-/quality/lighter/</thumbnail>
</item>

<item>
<title>Episode 001 </title>
<link>https://thresholdfm.podbean.com/mf/play/9tiihq/Mezzanine_Show_001_-_Dipping_Your_Toes_Into_Madness.mp3</link>
<thumbnail>https://ucarecdn.com/0ed83d88-736d-4412-89b9-46ab259870ef/-/format/auto/-/preview/3000x3000/-/quality/lighter/</thumbnail>
</item>
</xml>
















