<xml>
 
<item>
<title>Episode 2 - Garden Life Hacks</title>
<link>https://thresholdfm.podbean.com/mf/play/e8hq49/Self_help_show_-_Episode_2.mp3</link>
<thumbnail>https://ucarecdn.com/994bbb09-1747-454c-a56e-b20c0a5fd9af/-/format/auto/-/preview/3000x3000/-/quality/lighter/</thumbnail>
</item>

<item>
<title>Episode 1 - Kitchen Life Hacks</title>
<link>https://thresholdfm.podbean.com/mf/play/p7pcc6/Mitch_Wade_Cole_-_Self_Help_Show_Episode_1_-_Kitchen_Life_Hacks.mp3</link>
<thumbnail>https://ucarecdn.com/994bbb09-1747-454c-a56e-b20c0a5fd9af/-/format/auto/-/preview/3000x3000/-/quality/lighter/</thumbnail>
</item>
</xml>