<xml>
 
<item>
<title>Episode 8 - 07/05/19</title>
<link>https://thresholdfm.podbean.com/mf/play/68bxqr/Paralaxxed_-_Roll_Call_008.mp3</link>
<thumbnail>https://ucarecdn.com/ffc38aa9-b93d-4420-a49f-dc82cf752f26/-/format/auto/-/preview/3000x3000/-/quality/lighter/</thumbnail>
</item>

<item>
<title>Episode 7 - 30/04/19</title>
<link>https://thresholdfm.podbean.com/mf/play/6anmbt/Paralaxxed_-_Roll_Call_007.mp3</link>
<thumbnail>https://ucarecdn.com/ffc38aa9-b93d-4420-a49f-dc82cf752f26/-/format/auto/-/preview/3000x3000/-/quality/lighter/</thumbnail>
</item>

<item>
<title>Episode 6 - 23/04/19</title>
<link>https://thresholdfm.podbean.com/mf/play/ptddfm/Paralaxxed_-_Roll_Call_006.mp3</link>
<thumbnail>https://ucarecdn.com/ffc38aa9-b93d-4420-a49f-dc82cf752f26/-/format/auto/-/preview/3000x3000/-/quality/lighter/</thumbnail>
</item>

<item>
<title>Episode 5 - 16/04/19</title>
<link>https://thresholdfm.podbean.com/mf/play/txv8ud/Paralaxxed_-_Roll_Call_005.mp3</link>
<thumbnail>https://ucarecdn.com/ffc38aa9-b93d-4420-a49f-dc82cf752f26/-/format/auto/-/preview/3000x3000/-/quality/lighter/</thumbnail>
</item>

<item>
<title>Episode 4 - 09/04/19</title>
<link>https://thresholdfm.podbean.com/mf/play/wh59eh/Paralaxxed_-_Roll_Call_004.mp3</link>
<thumbnail>https://ucarecdn.com/ffc38aa9-b93d-4420-a49f-dc82cf752f26/-/format/auto/-/preview/3000x3000/-/quality/lighter/</thumbnail>
</item>

<item>
<title>Episode 3 - 02/04/19</title>
<link>https://thresholdfm.podbean.com/mf/play/h68psy/Paralaxxed_-_Roll_Call_003.mp3</link>
<thumbnail>https://ucarecdn.com/ffc38aa9-b93d-4420-a49f-dc82cf752f26/-/format/auto/-/preview/3000x3000/-/quality/lighter/</thumbnail>
</item>

<item>
<title>Episode 2 - 26/03/19</title>
<link>https://thresholdfm.podbean.com/mf/play/ruykhs/Paralaxxed_-_Roll_Call_002.mp3</link>
<thumbnail>https://ucarecdn.com/ffc38aa9-b93d-4420-a49f-dc82cf752f26/-/format/auto/-/preview/3000x3000/-/quality/lighter/</thumbnail>
</item>

<item>
<title>Episode 1 - 19/03/19</title>
<link>https://thresholdfm.podbean.com/mf/play/i28z85/Paralaxxed_-_Roll_Call_001.mp3</link>
<thumbnail>https://ucarecdn.com/ffc38aa9-b93d-4420-a49f-dc82cf752f26/-/format/auto/-/preview/3000x3000/-/quality/lighter/</thumbnail>
</item>

<plugin>
<title>Paralaxxed Mixcloud</title>
<link>plugin://plugin.audio.mixcloud/?key=%2fparallaxed%2f&amp;mode=21&quot;,return</link>
<thumbnail>https://thumbnailer.mixcloud.com/unsafe/100x100/profile/c/f/9/7/8f18-4900-4af5-b31e-fa06d3169469</thumbnail>
</plugin>



</xml>






















