<xml>
 
<item>
<title>Episode 042 - How Dare You?</title>
<link>https://thresholdfm.podbean.com/mf/play/wz5mvc/Rankins_Records_042_-_How_Dare_You_.mp3</link>
<thumbnail>https://ucarecdn.com/66936b91-e468-47f5-ac00-54562a5358a6/-/format/auto/-/preview/3000x3000/-/quality/lighter/</thumbnail>
</item>

<item>
<title>Episode 041 - I'll Be There For You</title>
<link>https://thresholdfm.podbean.com/mf/play/rtbg8s/Rankins_Records_041_-_I_ll_Be_There_For_You.mp3</link>
<thumbnail>https://ucarecdn.com/66936b91-e468-47f5-ac00-54562a5358a6/-/format/auto/-/preview/3000x3000/-/quality/lighter/</thumbnail>
</item>

<item>
<title>Episode 040 - Playtime</title>
<link>https://thresholdfm.podbean.com/mf/play/uhdxfm/Rankins_Records_040_-_Playtime.mp3</link>
<thumbnail>https://ucarecdn.com/66936b91-e468-47f5-ac00-54562a5358a6/-/format/auto/-/preview/3000x3000/-/quality/lighter/</thumbnail>
</item>

<item>
<title>Episode 039 - Morning Light</title>
<link>https://thresholdfm.podbean.com/mf/play/8qx28v/Rankins_Records_039_-_Morming_Light.mp3</link>
<thumbnail>https://ucarecdn.com/66936b91-e468-47f5-ac00-54562a5358a6/-/format/auto/-/preview/3000x3000/-/quality/lighter/</thumbnail>
</item>

<item>
<title>Episode 038 - Back For More</title>
<link>https://thresholdfm.podbean.com/mf/play/iu7jyp/Rankin_s_Records_038_-_Back_For_More.mp3</link>
<thumbnail>https://ucarecdn.com/66936b91-e468-47f5-ac00-54562a5358a6/-/format/auto/-/preview/3000x3000/-/quality/lighter/</thumbnail>
</item>

<item>
<title>Episode 037 - Take It Away</title>
<link>https://thresholdfm.podbean.com/mf/play/4jqu5w/Rankin_s_Records_037_-_Take_It_Away.mp3</link>
<thumbnail>https://ucarecdn.com/66936b91-e468-47f5-ac00-54562a5358a6/-/format/auto/-/preview/3000x3000/-/quality/lighter/</thumbnail>
</item>

<item>
<title>Episode 036 - Music Takes Your</title>
<link>https://thresholdfm.podbean.com/mf/play/x89ane/Rankin_s_Records_036_-_Music_Takes_You.mp3</link>
<thumbnail>https://ucarecdn.com/66936b91-e468-47f5-ac00-54562a5358a6/-/format/auto/-/preview/3000x3000/-/quality/lighter/</thumbnail>
</item>

<item>
<title>Episode 035 - My Dub Is Your Dud</title>
<link>https://thresholdfm.podbean.com/mf/play/bg5a2j/Rankin_s_Records_035_-_My_Dub_Is_Your_Dub.mp3</link>
<thumbnail>https://ucarecdn.com/66936b91-e468-47f5-ac00-54562a5358a6/-/format/auto/-/preview/3000x3000/-/quality/lighter/</thumbnail>
</item>

<item>
<title>Episode 034 - Original Jungle Sound</title>
<link></link>
<thumbnail>https://ucarecdn.com/66936b91-e468-47f5-ac00-54562a5358a6/-/format/auto/-/preview/3000x3000/-/quality/lighter/</thumbnail>
</item>

<item>
<title>Episode 033 - Spaced Invader</title>
<link>https://thresholdfm.podbean.com/mf/play/2qei8i/Rankin_s_Records_033_-_Spaced_Invader.mp3</link>
<thumbnail>https://ucarecdn.com/66936b91-e468-47f5-ac00-54562a5358a6/-/format/auto/-/preview/3000x3000/-/quality/lighter/</thumbnail>
</item>

</xml>




























