<xml>
 
<item>
<title>Episode 004</title>
<link>https://thresholdfm.podbean.com/mf/play/7zrzcs/threshold004_-_aems_-_April2019.mp3</link>
<thumbnail>https://ucarecdn.com/efe7d406-f7e0-4a18-95b2-9e9081f09bcc/-/format/auto/-/preview/3000x3000/-/quality/lighter/</thumbnail>
</item>

<item>
<title>Episode 003 with Shotem</title>
<link>https://thresholdfm.podbean.com/mf/play/bapg3v/threshold003_-_shotem_-_17032019_1.mp3</link>
<thumbnail>https://ucarecdn.com/efe7d406-f7e0-4a18-95b2-9e9081f09bcc/-/format/auto/-/preview/3000x3000/-/quality/lighter/</thumbnail>
</item>

<item>
<title>Episode 002 with Phobia</title>
<link>https://thresholdfm.podbean.com/mf/play/9y68ct/threshold002-phobia_1.mp3</link>
<thumbnail>https://ucarecdn.com/efe7d406-f7e0-4a18-95b2-9e9081f09bcc/-/format/auto/-/preview/3000x3000/-/quality/lighter/</thumbnail>
</item>

<item>
<title>Episode 001 with Smerf</title>
<link>https://thresholdfm.podbean.com/mf/play/ttpk8n/ThresholdFM001_AemsMC_20_01_2019_1.mp3</link>
<thumbnail>https://ucarecdn.com/efe7d406-f7e0-4a18-95b2-9e9081f09bcc/-/format/auto/-/preview/3000x3000/-/quality/lighter/</thumbnail>
</item>


</xml>