<?xml version="1.0" encoding="UTF-8" standalone="yes"?>
<addon id="repository.threshold" name="Threshold FM" version="0.0.1" provider-name="Mattitch">
	<extension point="xbmc.addon.repository" name="Threshold">
		<dir>
			<info compressed="false">https://raw.githubusercontent.com/totalrevolution/python-koding/master/zips/addons.xml</info>
			<checksum>https://raw.githubusercontent.com/totalrevolution/python-koding/master/zips/addons.xml.md5</checksum>
			<datadir zip="true">https://raw.githubusercontent.com/totalrevolution/python-koding/master/zips/</datadir>
		</dir>
		<info compressed="false">https://raw.githubusercontent.com/mattitch/repository.threshold/master/zips/addons.xml</info>
		<checksum>https://raw.githubusercontent.com/mattitch/repository.threshold/master/zips/addons.xml.md5</checksum>
		<datadir zip="true">https://raw.githubusercontent.com/mattitch/repository.threshold/master/zips/</datadir>
	</extension>
	<extension point="xbmc.addon.metadata">
		<summary lang="en">Threshold FM addon Repo</summary>
		<description lang="en">created by mattitch</description>
		<genre>Drum n Bass</genre>
	</extension>
</addon>