<xml>
 
<item>
<title>Episode 003</title>
<link>https://thresholdfm.podbean.com/mf/play/netwdk/CombineRadio003_v14.mp3</link>
<thumbnail>https://ucarecdn.com/3cbb2874-74be-4945-ad42-971dfab0cbaf/-/format/auto/-/preview/3000x3000/-/quality/lighter/</thumbnail>
</item>

<item>
<title>Episode 002</title>
<link>https://thresholdfm.podbean.com/mf/play/yv6bsz/COMBINE_RADIO_002_Vsn_20_DONE_FINAL.mp3</link>
<thumbnail>https://ucarecdn.com/3cbb2874-74be-4945-ad42-971dfab0cbaf/-/format/auto/-/preview/3000x3000/-/quality/lighter/</thumbnail>
</item>

<item>
<title>Episode 001</title>
<link>https://thresholdfm.podbean.com/mf/play/44iqfp/Combine_Radio_001.mp3</link>
<thumbnail>https://ucarecdn.com/3cbb2874-74be-4945-ad42-971dfab0cbaf/-/format/auto/-/preview/3000x3000/-/quality/lighter/</thumbnail>
</item>
</xml>