<xml>
 
<item>
<title>Episode 1 - 04/04/19</title>
<link>https://thresholdfm.podbean.com/mf/play/9zk625/Constrict_-_Incidental_Sonics_Ep_1.mp3</link>
<thumbnail>https://ucarecdn.com/34b1523c-801f-4720-97ce-f7eeafdcf3e5/-/format/auto/-/preview/3000x3000/-/quality/lighter/</thumbnail>
</item>

<plugin>
<title>Constrict Soundcloud</title>
<link>plugin://plugin.audio.soundcloud/?action=call&amp;call=https%3a%2f%2fapi-v2.soundcloud.com%2fusers%2f4349024%2fspotlight&quot;,return</link>
<thumbnail>https://i1.sndcdn.com/avatars-000657649754-5mtkm1-large.jpg</thumbnail>
</plugin>


</xml>